sesion_leg,fecha,subetapa,etapa,documento_texto,documento_url,fecha_sort,strcompa
Sesión/Leg.,Fecha,Subetapa,Etapa,Ver Documentos,,Fecha sort,strcompa
,07/11/2022,"Ingreso de proyecto .  Incluye IF N° 201/07.11.2022, Informe de Impacto Regulatorio, Informe de Sustentabilidad de los Fondos de Cesantía e Informe de Sustentabilidad del Fondo de Reserva de Pensiones.",Primer trámite constitucional / C.Diputados,Mensaje/Moción,/appsenado/index.php?mo=tramitacion&ac=getDocto&iddocto=16006&tipodoc=mensaje_mocion,2022/11/07,
,07/11/2022,Texto del mensaje.,Primer trámite constitucional / C.Diputados,Oficio,/appsenado/index.php?mo=tramitacion&ac=getDocto&iddocto=30946&tipodoc=ofic,2022/11/07,
92 / 370,07/11/2022,"Cuenta de proyecto . Pasa a Comisión de Trabajo y Seguridad Social, y a la Comisión de Hacienda.",Primer trámite constitucional / C.Diputados,,,2022/11/07,
92 / 370,07/11/2022,Cuenta del Mensaje 859-370 que hace presente la urgencia Simple,Primer trámite constitucional / C.Diputados,,,2022/11/07,
,14/11/2022,Oficio N°17.864 a la Corte Suprema,Primer trámite constitucional / C.Diputados,Oficio,/appsenado/index.php?mo=tramitacion&ac=getDocto&iddocto=30955&tipodoc=ofic,2022/11/14,
,28/11/2022,"Opinión del Consejo Consultivo Previsional sobre los impactos en el mercado laboral, los incentivos al ahorro y los efectos fiscales de la propuesta de reforma de pensiones.",Primer trámite constitucional / C.Diputados,Oficio,/appsenado/index.php?mo=tramitacion&ac=getDocto&iddocto=31010&tipodoc=ofic,2022/11/28,
104 / 370,30/11/2022,Cuenta del Mensaje 1009-370 que retira y hace presente la urgencia Simple,Primer trámite constitucional / C.Diputados,,,2022/11/30,
105 / 370,12/12/2022,Cuenta del Mensaje 1029-370 que retira y hace presente la urgencia Suma,Primer trámite constitucional / C.Diputados,,,2022/12/12,
110 / 370,21/12/2022,Cuenta del Mensaje 1110-370 que retira y hace presente la urgencia Suma,Primer trámite constitucional / C.Diputados,,,2022/12/21,
113 / 370,04/01/2023,Cuenta del Mensaje 1186-370 que retira y hace presente la urgencia Suma,Primer trámite constitucional / C.Diputados,,,2023/01/04,
118 / 370,16/01/2023,"Cuenta de oficio N° 4-2023, de la Corte Suprema, por el cual remite opinión respecto del proyecto (informe N°33-2022).",Primer trámite constitucional / C.Diputados,,,2023/01/16,
121 / 370,19/01/2023,Cuenta del Mensaje 1278-370 que retira y hace presente la urgencia Suma,Primer trámite constitucional / C.Diputados,,,2023/01/19,
49 / 371,03/07/2023,Cuenta del Mensaje 630-371 que hace presente la urgencia Suma,Primer trámite constitucional / C.Diputados,,,2023/07/03,
54 / 371,12/07/2023,Cuenta del Mensaje 713-371 que retira y hace presente la urgencia Suma,Primer trámite constitucional / C.Diputados,,,2023/07/12,
58 / 371,26/07/2023,Cuenta del Mensaje 803-371 que retira la urgencia Suma,Primer trámite constitucional / C.Diputados,,,2023/07/26,
,21/12/2023,"Oficio del Presidente de la República (N°276-371), por el cual formula indicaciones al proyecto. Adjunta informe financiero sustitutivo N°284/20.12.2023",Primer trámite constitucional / C.Diputados,Oficio,/appsenado/index.php?mo=tramitacion&ac=getDocto&iddocto=32818&tipodoc=ofic,2023/12/21,
124 / 371,03/01/2024,Cuenta del Mensaje 1784-371 que hace presente la urgencia Suma,Primer trámite constitucional / C.Diputados,,,2024/01/03,
,09/01/2024,"Oficio del Presidente de la República (N°289-371), por el que sustituye indicación al proyecto. Se adjunta informe financiero complementario N°8/09.01.2024.",Primer trámite constitucional / C.Diputados,Oficio,/appsenado/index.php?mo=tramitacion&ac=getDocto&iddocto=32852&tipodoc=ofic,2024/01/09,
129 / 371,10/01/2024,Cuenta del Mensaje 1845-371 que retira y hace presente la urgencia Suma,Primer trámite constitucional / C.Diputados,,,2024/01/10,
,10/01/2024,"Oficio del Presidente de la República (N°294-371), por el cual retira y formula indicaciones al proyecto. Se adjunta informe financiero complementario N°10/10.01.2024.",Primer trámite constitucional / C.Diputados,Oficio,/appsenado/index.php?mo=tramitacion&ac=getDocto&iddocto=32867&tipodoc=ofic,2024/01/10,
,10/01/2024,"IFC N° 10/10.01.2024, acompañado a la indicación 294-371.",Primer trámite constitucional / C.Diputados,Oficio,/appsenado/index.php?mo=tramitacion&ac=getDocto&iddocto=32970&tipodoc=ofic,2024/01/10,
,15/01/2024,"Oficio del Presidente de la República (N°301-371), por el cual retira y formula indicaciones al proyecto. Se acompaña informe financiero complementario N°18/15.01.2024.",Primer trámite constitucional / C.Diputados,Oficio,/appsenado/index.php?mo=tramitacion&ac=getDocto&iddocto=32878&tipodoc=ofic,2024/01/15,
,15/01/2024,Primer informe de comisión de Trabajo y Seguridad Social. Pasa a Comisión de Hacienda. CERTIFICADO,Primer trámite constitucional / C.Diputados,Informe,/appsenado/index.php?mo=tramitacion&ac=getDocto&iddocto=26258&tipodoc=info,2024/01/15,
131 / 371,16/01/2024,Cuenta de primer informe de comisión .  (Certificado de Trabajo). Pasa a Hacienda.,Primer trámite constitucional / C.Diputados,,,2024/01/16,
,19/01/2024,"Oficio del Presidente de la República (312-371), por el cual retira y formula indicaciones al proyecto. Se adjunta informe financiero complementario N°28/19.01.2024.",Primer trámite constitucional / C.Diputados,Oficio,/appsenado/index.php?mo=tramitacion&ac=getDocto&iddocto=32943&tipodoc=ofic,2024/01/19,
,22/01/2024,"Oficio del Presidente de la República (N°315-371), por el cual formula indicaciones al proyecto. Se adjunta informe financiero complementario N°33/19.01.2024",Primer trámite constitucional / C.Diputados,Oficio,/appsenado/index.php?mo=tramitacion&ac=getDocto&iddocto=32937&tipodoc=ofic,2024/01/22,
,22/01/2024,Primer informe de comisión de Trabajo y Seguridad Social.,Primer trámite constitucional / C.Diputados,Informe,/appsenado/index.php?mo=tramitacion&ac=getDocto&iddocto=26279&tipodoc=info,2024/01/22,
133 / 371,22/01/2024,Cuenta de primer informe de comisión .  (Trabajo) Pasa a Hacienda.,Primer trámite constitucional / C.Diputados,,,2024/01/22,
,22/01/2024,Primer informe de comisión de Hacienda.,Primer trámite constitucional / C.Diputados,Informe,/appsenado/index.php?mo=tramitacion&ac=getDocto&iddocto=26284&tipodoc=info,2024/01/22,
134 / 371,23/01/2024,Discusión general pendiente.,Trámite en Tribunal Constitucional / C.Diputados,,,2024/01/23,
134 / 371,23/01/2024,Cuenta de primer informe de comisión .  (Hacienda). Queda para tabla.,Primer trámite constitucional / C.Diputados,,,2024/01/23,
136 / 371,24/01/2024,Discusión general . Aprobado en general y particular a la vez .,Primer trámite constitucional / C.Diputados,Diario,//www.camara.cl/dataprovider/descargaDocumentopdf.aspx?legislatura=371&sesion=136&formato=pdf,2024/01/24,
,30/01/2024,Oficio de ley a Cámara Revisora .,Primer trámite constitucional / C.Diputados,Oficio,/appsenado/index.php?mo=tramitacion&ac=getDocto&iddocto=32980&tipodoc=ofic,2024/01/30,
100 / 371,30/01/2024,"Cuenta de proyecto . Pasa a Comisión de Trabajo y Previsión Social, y a la Comisión de Hacienda, en su caso.",Segundo trámite constitucional / Senado,,,2024/01/30,
4 / 372,20/03/2024,Cuenta del Mensaje 160-372 que hace presente la urgencia Simple,Segundo trámite constitucional / Senado,,,2024/03/20,
12 / 372,17/04/2024,Cuenta del Mensaje 315-372 que retira y hace presente la urgencia Simple,Segundo trámite constitucional / Senado,,,2024/04/17,
20 / 372,14/05/2024,Cuenta del Mensaje 517-372 que retira y hace presente la urgencia Suma,Segundo trámite constitucional / Senado,,,2024/05/14,
23 / 372,30/05/2024,Cuenta del Mensaje 611-372 que hace presente la urgencia Suma,Segundo trámite constitucional / Senado,,,2024/05/30,
28 / 372,12/06/2024,Cuenta del Mensaje 741-372 que retira y hace presente la urgencia Suma,Segundo trámite constitucional / Senado,,,2024/06/12,
29 / 372,18/06/2024,Cuenta del Mensaje 784-372 que retira y hace presente la urgencia Suma,Segundo trámite constitucional / Senado,,,2024/06/18,
31 / 372,02/07/2024,Cuenta del Mensaje 867-372 que retira y hace presente la urgencia Suma,Segundo trámite constitucional / Senado,,,2024/07/02,
34 / 372,09/07/2024,Cuenta del Mensaje 959-372 que retira y hace presente la urgencia Suma,Segundo trámite constitucional / Senado,,,2024/07/09,
38 / 372,24/07/2024,Cuenta del Mensaje 1073-372 que retira y hace presente la urgencia Discusión inmediata,Segundo trámite constitucional / Senado,,,2024/07/24,
39 / 372,30/07/2024,Cuenta del Mensaje 1109-372 que retira y hace presente la urgencia Discusión inmediata,Segundo trámite constitucional / Senado,,,2024/07/30,
42 / 372,06/08/2024,Cuenta del Mensaje 1171-372 que hace presente la urgencia Discusión inmediata,Segundo trámite constitucional / Senado,,,2024/08/06,
44 / 372,07/08/2024,Cuenta del Mensaje 1237-372 que retira y hace presente la urgencia Simple,Segundo trámite constitucional / Senado,,,2024/08/07,
44 / 372,07/08/2024,"La Sala acuerda autorizar a la Comisión de Trabajo y Previsión Social para discutir en general y en particular el proyecto de ley, con ocasión del trámite reglamentario de primer informe.",Segundo trámite constitucional / Senado,,,2024/08/07,
54 / 372,04/09/2024,Cuenta del Mensaje 1448-372 que retira y hace presente la urgencia Simple,Segundo trámite constitucional / Senado,,,2024/09/04,
60 / 372,02/10/2024,Cuenta del Mensaje 1686-372 que retira y hace presente la urgencia Simple,Segundo trámite constitucional / Senado,,,2024/10/02,
69 / 372,30/10/2024,Cuenta del Mensaje 1946-372 que retira y hace presente la urgencia Simple,Segundo trámite constitucional / Senado,,,2024/10/30,
82 / 372,27/11/2024,Cuenta del Mensaje 2200-372 que retira y hace presente la urgencia Simple,Segundo trámite constitucional / Senado,,,2024/11/27,
92 / 372,07/01/2025,Cuenta del Mensaje 2456-372 que hace presente la urgencia Simple,Segundo trámite constitucional / Senado,,,2025/01/07,
96 / 372,21/01/2025,Cuenta del Mensaje 2645-372 que retira y hace presente la urgencia Discusión inmediata,Segundo trámite constitucional / Senado,,,2025/01/21,
,23/01/2025,Primer informe de comisión de Trabajo y Previsión Social. Pasa a Comisión de Hacienda,Segundo trámite constitucional / Senado,Informe Comparado,/appsenado/index.php?mo=tramitacion&ac=getDocto&iddocto=27079&tipodoc=info,2025/01/23,
,26/01/2025,Oficio N° T/01/2025 a la Corte Suprema,Segundo trámite constitucional / Senado,Oficio,/appsenado/index.php?mo=tramitacion&ac=getDocto&iddocto=34486&tipodoc=ofic,2025/01/26,
,26/01/2025,Primer informe de comisión de Hacienda.,Segundo trámite constitucional / Senado,Informe Comparado,/appsenado/index.php?mo=tramitacion&ac=getDocto&iddocto=27082&tipodoc=info,2025/01/26,
98 / 372,27/01/2025,Discusión general . Aprobado en general y particular con modificaciones,Segundo trámite constitucional / Senado,Diario Video Votación,/appsenado/index.php?mo=tramitacion&ac=getDiscusion&nrobol=1548013_P&idsesion=9872,2025/01/27,
98 / 372,27/01/2025,Cuenta de primer informe de comisión .,Segundo trámite constitucional / Senado,,,2025/01/27,
,28/01/2025,Oficio modificaciones a Cámara de Origen .,Segundo trámite constitucional / Senado,Oficio,/appsenado/index.php?mo=tramitacion&ac=getDocto&iddocto=34510&tipodoc=ofic,2025/01/28,
133 / 372,28/01/2025,Cuenta oficio con modificaciones de Cámara Revisora . Queda para tabla .,Tercer trámite constitucional / C.Diputados,,,2025/01/28,
133 / 372,28/01/2025,Cuenta del Mensaje 2747-372 que hace presente la urgencia Discusión inmediata,Tercer trámite constitucional / C.Diputados,,,2025/01/28,
133 / 372,28/01/2025,"Cuenta, Oficio de S.E. el Presidente de la República (N° 077), mediante el cual solicita, en virtud de lo dispuesto en el artículo 32 N° 2 de la Constitución Política, citar a esta Corporación, a la brevedad posible, a las sesiones necesarias para el total despacho del proyecto de ley.",Tercer trámite constitucional / C.Diputados,,,2025/01/28,
134 / 372,29/01/2025,Discusión única . Aprobadas las modificaciones .,Tercer trámite constitucional / C.Diputados,Diario,//www.camara.cl/dataprovider/descargaDocumentopdf.aspx?legislatura=372&sesion=134&formato=pdf,2025/01/29,
,29/01/2025,El diputado Roberto Arroyo Muñoz formula reserva de constitucionalidad.,Tercer trámite constitucional / C.Diputados,,,2025/01/29,
,29/01/2025,Oficio N° 41-2025. Respuesta de la Corte Suprema,Segundo trámite constitucional / Senado,Oficio,/appsenado/index.php?mo=tramitacion&ac=getDocto&iddocto=34515&tipodoc=ofic,2025/01/29,
,29/01/2025,"Oficio N° 20.218, que comunica aprobacion de modificaciones",Tercer trámite constitucional / C.Diputados,Oficio,/appsenado/index.php?mo=tramitacion&ac=getDocto&iddocto=34530&tipodoc=ofic,2025/01/29,
,29/01/2025,La diputada Francesca Muñoz González y el diputado Luis Sánchez Ossa formulan reserva de constitucionalidad.,Tercer trámite constitucional / C.Diputados,,,2025/01/29,
,29/01/2025,Oficio de ley al Ejecutivo .,Tercer trámite constitucional / C.Diputados,Oficio,/appsenado/index.php?mo=tramitacion&ac=getDocto&iddocto=34531&tipodoc=ofic,2025/01/29,
,30/01/2025,Oficio al Tribunal Constitucional .,Trámite en Tribunal Constitucional / C.Diputados,Oficio,/appsenado/index.php?mo=tramitacion&ac=getDocto&iddocto=34572&tipodoc=ofic,2025/01/30,
135 / 372,03/03/2025,"Cuenta, Oficio de S. E. el Presidente de la República (N° 018-372), por el cual comunica que ha resuelto no hacer uso de la facultad de veto, que le confiere el inciso primero del artículo 73 de la Constitución Política de la República, respecto del proyecto.",Trámite de aprobacion presidencial / C.Diputados,,,2025/03/03,
,04/03/2025,"Cuenta oficio N° 20.218, que comunica aprobación de modificaciones",Trámite en Tribunal Constitucional / C.Diputados,,,2025/03/04,
,05/03/2025,"Copia autorizada de la resolución del Tribunal Constitucional recaída en el requerimiento de inconstitucionalidad presentado por un grupo de diputadas y diputados respecto del artículo 1, numeral 1, letra b), del proyecto. ROL 16207-25 CPT. INADMISIBLE.",Trámite en Tribunal Constitucional / C.Diputados,Oficio,/appsenado/index.php?mo=tramitacion&ac=getDocto&iddocto=34555&tipodoc=ofic,2025/03/05,
,10/03/2025,Ingreso fallo del Tribunal Constitucional .,Trámite en Tribunal Constitucional / C.Diputados,Oficio,/appsenado/index.php?mo=tramitacion&ac=getDocto&iddocto=34575&tipodoc=ofic,2025/03/10,
138 / 372,10/03/2025,Cuenta fallo del Tribunal Constitucional .,Trámite en Tribunal Constitucional / C.Diputados,,,2025/03/10,
,11/03/2025,Oficio de ley al Ejecutivo.,Tramitación terminada /,Oficio,/appsenado/index.php?mo=tramitacion&ac=getDocto&iddocto=34599&tipodoc=ofic,2025/03/11,
3 / 373,17/03/2025,"Cuenta, Copia autorizada de la resolución del Tribunal Constitucional, recaída en una presentación efectuada por la diputada señora Muñoz en el marco del procedimiento de control preventivo de constitucionalidad relativo al proyecto. Rol N° 16189-25 CPR. TÉNGASE PRESENTE.",Tramitación terminada /,,,2025/03/17,
,17/03/2025,"Cuenta,  Copia autorizada de la resolución del Tribunal Constitucional recaída en un recurso de reposición deducido en contra de la sentencia que resolvió el requerimiento de inconstitucionalidad presentado por un grupo de diputadas y diputados respecto del artículo 1, numeral 1, letra b), del proyecto. Rol N° 16207-25 CPT. NO HA LUGAR.",Tramitación terminada /,,,2025/03/17,
