detalle,esdossier,fecha,hdncheck,id,identificador,key_apc,numero_ley,pos,tipoRecurso,titulo,tramite,urlparlamentario
"Crea un nuevo sistema mixto de pensiones y un seguro social en el pilar contributivo, mejora la Pensión Garantizada Universal y establece beneficios y modificaciones regulatorias que indica",0,26-03-2025 ,,8372,8372,historiadelaley,1212060,,HLD,Historia de la Ley N° 21.735,,
1. Primer Trámite Constitucional: Cámara de Diputados,0,26-03-2025 ,"[{""urlDocumento"":""706791""},{""urlDocumento"":""706792""},{""urlDocumento"":""706795""},{""urlDocumento"":""706793""},{""urlDocumento"":""706794""},{""urlDocumento"":""706796""},{""urlDocumento"":""704345""},{""urlDocumento"":""706899""},{""urlDocumento"":""706928""},{""urlDocumento"":""704089""},{""urlDocumento"":""706902""},{""urlDocumento"":""tempId1760113407532""},{""urlDocumento"":""tempId1760113407626""},{""urlDocumento"":""706903""}]",8372-1,8372,historiadelaley,1212060,1,HLD,"Historia de la Ley N° 21.735, 1. Primer Trámite Constitucional: Cámara de Diputados",contitucional,
"Fecha 07 de noviembre, 2022. Mensaje en Sesión 92. Legislatura 370.",0,1667832229,"{""urlDocumento"":""706791""}",,8372,historiadelaley,1212060,1-1,HLD,"Historia de la Ley N° 21.735, 1. Primer Trámite Constitucional: Cámara de Diputados, 1.1. Mensaje",,
"Oficio a La Corte Suprema. Fecha 14 de noviembre, 2022. Oficio",0,1668437029,"{""urlDocumento"":""706792""}",,8372,historiadelaley,1212060,1-2,HLD,"Historia de la Ley N° 21.735, 1. Primer Trámite Constitucional: Cámara de Diputados, 1.2. Oficio a la Corte Suprema",,
"Oficio de Corte Suprema. Fecha 11 de enero, 2023. Oficio en Sesión 118. Legislatura 370.",0,1673448229,"{""urlDocumento"":""706795""}",,8372,historiadelaley,1212060,1-3,HLD,"Historia de la Ley N° 21.735, 1. Primer Trámite Constitucional: Cámara de Diputados, 1.3. Oficio de la Corte Suprema",,
"Indicaciones del Ejecutivo. Fecha 21 de diciembre, 2023. Oficio",0,1703169829,"{""urlDocumento"":""706793""}",,8372,historiadelaley,1212060,1-4,HLD,"Historia de la Ley N° 21.735, 1. Primer Trámite Constitucional: Cámara de Diputados, 1.4. Oficio Indicaciones del Ejecutivo",,
"Indicaciones del Ejecutivo. Fecha 09 de enero, 2024. Oficio",0,1704811429,"{""urlDocumento"":""706794""}",,8372,historiadelaley,1212060,1-5,HLD,"Historia de la Ley N° 21.735, 1. Primer Trámite Constitucional: Cámara de Diputados, 1.5. Oficio Indicaciones del Ejecutivo",,
"Indicaciones del Ejecutivo. Fecha 10 de enero, 2024. Oficio",0,1704897829,"{""urlDocumento"":""706796""}",,8372,historiadelaley,1212060,1-6,HLD,"Historia de la Ley N° 21.735, 1. Primer Trámite Constitucional: Cámara de Diputados, 1.6. Oficio Indicaciones del Ejecutivo",,
"Cámara de Diputados. Fecha 15 de enero, 2024. Informe de Comisión de Trabajo en Sesión 133. Legislatura 371.",0,1705329829,"{""urlDocumento"":""704345""}",,8372,historiadelaley,1212060,1-7,HLD,"Historia de la Ley N° 21.735, 1. Primer Trámite Constitucional: Cámara de Diputados, 1.7. Informe de Comisión de Trabajo",,
"Indicaciones del Ejecutivo. Fecha 15 de enero, 2024. Oficio",0,1705329829,"{""urlDocumento"":""706899""}",,8372,historiadelaley,1212060,1-8,HLD,"Historia de la Ley N° 21.735, 1. Primer Trámite Constitucional: Cámara de Diputados, 1.8. Oficio Indicaciones del Ejecutivo",,
"Indicaciones del Ejecutivo. Fecha 19 de enero, 2024. Oficio",0,1705675429,"{""urlDocumento"":""706928""}",,8372,historiadelaley,1212060,1-9,HLD,"Historia de la Ley N° 21.735, 1. Primer Trámite Constitucional: Cámara de Diputados, 1.9. Oficio Indicaciones del Ejecutivo",,
"Cámara de Diputados. Fecha 22 de enero, 2024. Informe de Comisión de Hacienda en Sesión 134. Legislatura 371.",0,1705934629,"{""urlDocumento"":""704089""}",,8372,historiadelaley,1212060,1-10,HLD,"Historia de la Ley N° 21.735, 1. Primer Trámite Constitucional: Cámara de Diputados, 1.10. Informe de Comisión de Hacienda",,
"Indicaciones del Ejecutivo. Fecha 22 de enero, 2024. Oficio",0,1705934629,"{""urlDocumento"":""706902""}",,8372,historiadelaley,1212060,1-11,HLD,"Historia de la Ley N° 21.735, 1. Primer Trámite Constitucional: Cámara de Diputados, 1.11. Oficio Indicaciones del Ejecutivo",,
"Fecha 23 de enero, 2024. Diario de Sesión en Sesión 134. Legislatura 371. Discusión General. Pendiente.",0,1706021029,"{""urlDocumento"":""tempId1760113407532""}",,8372,historiadelaley,1212060,1-12,HLD,"Historia de la Ley N° 21.735, 1. Primer Trámite Constitucional: Cámara de Diputados, 1.12. Discusión en Sala",,
"Fecha 24 de enero, 2024. Diario de Sesión en Sesión 136. Legislatura 371. Discusión General. Se aprueba en general y particular.",0,1706107429,"{""urlDocumento"":""tempId1760113407626""}",,8372,historiadelaley,1212060,1-13,HLD,"Historia de la Ley N° 21.735, 1. Primer Trámite Constitucional: Cámara de Diputados, 1.13. Discusión en Sala",,
"Oficio de Ley a Cámara Revisora. Fecha 24 de enero, 2024. Oficio en Sesión 100. Legislatura 371.",0,1706107429,"{""urlDocumento"":""706903""}",,8372,historiadelaley,1212060,1-14,HLD,"Historia de la Ley N° 21.735, 1. Primer Trámite Constitucional: Cámara de Diputados, 1.14. Oficio de Cámara Origen a Cámara Revisora",,
2. Segundo Trámite Constitucional: Senado,0,26-03-2025 ,"[{""urlDocumento"":""706777""},{""urlDocumento"":""706798""},{""urlDocumento"":""706908""},{""urlDocumento"":""tempId1760113408028""},{""urlDocumento"":""706909""},{""urlDocumento"":""706925""}]",8372-2,8372,historiadelaley,1212060,2,HLD,"Historia de la Ley N° 21.735, 2. Segundo Trámite Constitucional: Senado",contitucional,
"Senado. Fecha 22 de enero, 2025. Informe de Comisión de Trabajo en Sesión 98. Legislatura 372.",0,1737557029,"{""urlDocumento"":""706777""}",,8372,historiadelaley,1212060,2-1,HLD,"Historia de la Ley N° 21.735, 1. Primer Trámite Constitucional: Cámara de Diputados, 2.1. Informe de Comisión de Trabajo",,
"Senado. Fecha 26 de enero, 2025. Informe de Comisión de Hacienda en Sesión 98. Legislatura 372.",0,1737902629,"{""urlDocumento"":""706798""}",,8372,historiadelaley,1212060,2-2,HLD,"Historia de la Ley N° 21.735, 2. Segundo Trámite Constitucional: Senado, 2.2. Informe de Comisión de Hacienda",,
"Oficio a La Corte Suprema. Fecha 26 de enero, 2025. Oficio",0,1737902629,"{""urlDocumento"":""706908""}",,8372,historiadelaley,1212060,2-3,HLD,"Historia de la Ley N° 21.735, 2. Segundo Trámite Constitucional: Senado, 2.3. Oficio a la Corte Suprema",,
"Fecha 27 de enero, 2025. Diario de Sesión en Sesión 98. Legislatura 372. Discusión General. Se aprueba en general y particular con modificaciones.",0,1737989029,"{""urlDocumento"":""tempId1760113408028""}",,8372,historiadelaley,1212060,2-4,HLD,"Historia de la Ley N° 21.735, 2. Segundo Trámite Constitucional: Senado, 2.4. Discusión en Sala",,
"Oficio Aprobación con Modificaciones . Fecha 28 de enero, 2025. Oficio en Sesión 133. Legislatura 372.",0,1738075429,"{""urlDocumento"":""706909""}",,8372,historiadelaley,1212060,2-5,HLD,"Historia de la Ley N° 21.735, 2. Segundo Trámite Constitucional: Senado, 2.5. Oficio de Cámara Revisora a Cámara de Origen",,
"Oficio de la Corte Suprema a Comisión. Fecha 29 de enero, 2025. Oficio",0,1738161829,"{""urlDocumento"":""706925""}",,8372,historiadelaley,1212060,2-6,HLD,"Historia de la Ley N° 21.735, 2. Segundo Trámite Constitucional: Senado, 2.6. Oficio de la Corte Suprema a Comisión",,
3. Tercer Trámite Constitucional: Cámara de Diputados,0,26-03-2025 ,"[{""urlDocumento"":""tempId1760113408195""},{""urlDocumento"":""706989""}]",8372-3,8372,historiadelaley,1212060,3,HLD,"Historia de la Ley N° 21.735, 3. Tercer Trámite Constitucional: Cámara de Diputados",contitucional,
"Fecha 29 de enero, 2025. Diario de Sesión en Sesión 134. Legislatura 372. Discusión única. Se aprueban modificaciones.",0,1738161829,"{""urlDocumento"":""tempId1760113408195""}",,8372,historiadelaley,1212060,3-1,HLD,"Historia de la Ley N° 21.735, 2. Segundo Trámite Constitucional: Senado, 3.1. Discusión en Sala",,
"Oficio Aprobación de Modificaciones. Fecha 29 de enero, 2025. Oficio en Sesión 101. Legislatura 372.",0,1738161829,"{""urlDocumento"":""706989""}",,8372,historiadelaley,1212060,3-2,HLD,"Historia de la Ley N° 21.735, 3. Tercer Trámite Constitucional: Cámara de Diputados, 3.2. Oficio de Cámara Origen a Cámara Revisora",,
4. Trámite Tribunal Constitucional,0,26-03-2025 ,"[{""urlDocumento"":""706926""},{""urlDocumento"":""707003""},{""urlDocumento"":""706932""},{""urlDocumento"":""707224""},{""urlDocumento"":""706990""}]",8372-4,8372,historiadelaley,1212060,4,HLD,"Historia de la Ley N° 21.735, 4. Trámite Tribunal Constitucional",contitucional,
"Oficio de Ley Consulta Facultad de Veto. Fecha 29 de enero, 2025. Oficio en Sesión 135. Legislatura 372.",0,1738161829,"{""urlDocumento"":""706926""}",,8372,historiadelaley,1212060,4-1,HLD,"Historia de la Ley N° 21.735, 3. Tercer Trámite Constitucional: Cámara de Diputados, 4.1. Oficio de Cámara de Origen al Ejecutivo",,
"Oficio de examen de Constitucionalidad. Fecha 30 de enero, 2025. Oficio",0,1738248229,"{""urlDocumento"":""707003""}",,8372,historiadelaley,1212060,4-2,HLD,"Historia de la Ley N° 21.735, 4. Trámite Tribunal Constitucional, 4.2. Oficio al Tribunal Constitucional",,
"Requerimiento al Tribunal Constitucional. Fecha 10 de febrero, 2025. Oficio",0,1739198629,"{""urlDocumento"":""706932""}",,8372,historiadelaley,1212060,4-3,HLD,"Historia de la Ley N° 21.735, 4. Trámite Tribunal Constitucional, 4.3. Oficio al Tribunal Constitucional",,
"Sentencia de Requerimiento de Inconstitucionalidad. Fecha 03 de marzo, 2025. Oficio",0,1741013029,"{""urlDocumento"":""707224""}",,8372,historiadelaley,1212060,4-4,HLD,"Historia de la Ley N° 21.735, 4. Trámite Tribunal Constitucional, 4.4. Oficio del Tribunal Constitucional",,
"Sentencia del Tribunal Constitucional. Fecha 07 de marzo, 2025. Oficio en Sesión 138. Legislatura 372.",0,1741358629,"{""urlDocumento"":""706990""}",,8372,historiadelaley,1212060,4-5,HLD,"Historia de la Ley N° 21.735, 4. Trámite Tribunal Constitucional, 4.5. Oficio del Tribunal Constitucional",,
5. Trámite Finalización: Cámara de Diputados,0,26-03-2025 ,"[{""urlDocumento"":""706991""}]",8372-5,8372,historiadelaley,1212060,5,HLD,"Historia de la Ley N° 21.735, 5. Trámite Finalización: Cámara de Diputados",contitucional,
"Oficio Ley a S. E. El Presidente de la República. Fecha 11 de marzo, 2025. Oficio",0,1741704229,"{""urlDocumento"":""706991""}",,8372,historiadelaley,1212060,5-1,HLD,"Historia de la Ley N° 21.735, 4. Trámite Tribunal Constitucional, 5.1. Oficio de Cámara de Origen al Ejecutivo",,
6. Publicación de Ley en Diario Oficial,0,26-03-2025 ,"[{""urlDocumento"":""tempId1760113408598""}]",8372-6,8372,historiadelaley,1212060,6,HLD,"Historia de la Ley N° 21.735, 6. Publicación de Ley en Diario Oficial",contitucional,
Dossier por trámite,0,1743000229,"{""urlDocumento"":""tempId1760113408598""}",,8372,historiadelaley,1212060,6-1,HLD,"Historia de la Ley N° 21.735, 5. Trámite Finalización: Cámara de Diputados, 6.1. Ley Nº 21.735",,
