"id","title","norma"
632434,"MODIFICA REGLAMENTO DE SEGURIDAD PARA LAS INSTALACIONES Y OPERACIONES DE PRODUCCIÓN Y REFINACIÓN, TRANSPORTE, ALMACENAMIENTO, DISTRIBUCIÓN Y ABASTECIMIENTO DE COMBUSTIBLES LÍQUIDOS","http://datos.bcn.cl/recurso/cl/dto/ministerio-de-energia/2014-05-06/101"
632435,"AUTORIZA CALIDAD DE AGENTE RETENEDOR DE CAMBIO SUJETO DE DERECHO DE IVA A DON MARCO OCTAVIO VARGAS GALLARDO","http://datos.bcn.cl/recurso/cl/res/ministerio-de-hacienda_servicio-de-impuestos-internos_x-direccion-regional-puerto-montt/2014-05-06/77314031341-exenta"
632436,"MODIFICA REGLAMENTO DE SEGURIDAD PARA LAS INSTALACIONES Y OPERACIONES DE PRODUCCIÓN Y REFINACIÓN, TRANSPORTE, ALMACENAMIENTO, DISTRIBUCIÓN Y ABASTECIMIENTO DE COMBUSTIBLES LÍQUIDOS","http://datos.bcn.cl/recurso/cl/dto/ministerio-de-energia/2014-05-06/101/es@2014-08-05"
632437,"AUTORIZA CALIDAD DE AGENTE RETENEDOR DE CAMBIO SUJETO DE DERECHO DE IVA A DON MARCO OCTAVIO VARGAS GALLARDO","http://datos.bcn.cl/recurso/cl/res/ministerio-de-hacienda_servicio-de-impuestos-internos_x-direccion-regional-puerto-montt/2014-05-06/77314031341-exenta/es@2014-06-01"
635226,"AUMENTA DOTACIÓN DE PERSONAL DE POLICÍA DE INVESTIGACIONES DE CHILE; MODIFICA ESTATUTO DE SU PERSONAL Y MODIFICA EL DECRETO LEY Nº 2.460, DE 1979, LEY ORGÁNICA DE LA POLICÍA DE INVESTIGACIONES","http://datos.bcn.cl/recurso/cl/ley/ministerio-del-interior-y-seguridad-publica_subsecretaria-del-interior/2014-10-21/20785/es@2015-01-01"
635225,"AUMENTA DOTACIÓN DE PERSONAL DE POLICÍA DE INVESTIGACIONES DE CHILE; MODIFICA ESTATUTO DE SU PERSONAL Y MODIFICA EL DECRETO LEY Nº 2.460, DE 1979, LEY ORGÁNICA DE LA POLICÍA DE INVESTIGACIONES","http://datos.bcn.cl/recurso/cl/ley/ministerio-del-interior-y-seguridad-publica_subsecretaria-del-interior/2014-10-21/20785"
635539,"MODIFICA COMPENDIO DE NORMAS ADUANERAS","http://datos.bcn.cl/recurso/cl/res/ministerio-de-hacienda_servicio-nacional-de-aduanas_direccion-nacional/2015-01-08/7248-exenta/es@2015-01-26"
635538,"MODIFICA COMPENDIO DE NORMAS ADUANERAS","http://datos.bcn.cl/recurso/cl/res/ministerio-de-hacienda_servicio-nacional-de-aduanas_direccion-nacional/2015-01-08/7248-exenta"
635688,"DEROGA RESOLUCIÓN Nº 6.125, DE 2008","http://datos.bcn.cl/recurso/cl/res/ministerio-de-hacienda_servicio-nacional-de-aduanas_direccion-nacional/2015-01-21/7264-exenta"
635688,"DEROGA RESOLUCIÓN Nº 6.125, de 2008","http://datos.bcn.cl/recurso/cl/res/ministerio-de-hacienda_servicio-nacional-de-aduanas_direccion-nacional/2015-01-21/7264-exenta"
635689,"DEROGA RESOLUCIÓN Nº 6.125, DE 2008","http://datos.bcn.cl/recurso/cl/res/ministerio-de-hacienda_servicio-nacional-de-aduanas_direccion-nacional/2015-01-21/7264-exenta/es@2015-02-05"
636353,"MODIFICA EL ANEXO 42 DEL COMPENDIO DE NORMAS ADUANERAS","http://datos.bcn.cl/recurso/cl/res/ministerio-de-hacienda_servicio-nacional-de-aduanas_direccion-nacional/2015-02-18/492/es@2015-04-19"
636352,"MODIFICA EL ANEXO 42 DEL COMPENDIO DE NORMAS ADUANERAS","http://datos.bcn.cl/recurso/cl/res/ministerio-de-hacienda_servicio-nacional-de-aduanas_direccion-nacional/2015-02-18/492"
637613,"APRUEBA ORDENANZA DEL ÁREA DE EXCLUSIÓN DE ESTACIONAMIENTOS PEDRO DE VALDIVIA Nº 963","http://datos.bcn.cl/recurso/cl/orz/municipalidad-de-providencia/2015-04-28/138"
637614,"APRUEBA ORDENANZA DEL ÁREA DE EXCLUSIÓN DE ESTACIONAMIENTOS PEDRO DE VALDIVIA Nº 963","http://datos.bcn.cl/recurso/cl/orz/municipalidad-de-providencia/2015-04-28/138/es@2222-02-02"
641851,"AUTORIZASE CALIDAD DE AGENTE RETENEDOR DE CAMBIO SUJETO DE DERECHO DE IVA","http://datos.bcn.cl/recurso/cl/res/ministerio-de-hacienda_servicio-de-impuestos-internos_x-direccion-regional-puerto-montt/2015-09-14/77314035411-exenta"
641852,"EXCEPCIÓN AL CAMBIO PARCIAL SUJETO DEL IVA TRIGO","http://datos.bcn.cl/recurso/cl/res/ministerio-de-hacienda_servicio-de-impuestos-internos_x-direccion-regional-puerto-montt/2015-09-14/77315048992-exenta"
641853,"AUTORIZASE CALIDAD DE AGENTE RETENEDOR DE CAMBIO SUJETO DE DERECHO DE IVA","http://datos.bcn.cl/recurso/cl/res/ministerio-de-hacienda_servicio-de-impuestos-internos_x-direccion-regional-puerto-montt/2015-09-14/77314035411-exenta/es@2015-10-01"
641854,"EXCEPCIÓN AL CAMBIO PARCIAL SUJETO DEL IVA TRIGO","http://datos.bcn.cl/recurso/cl/res/ministerio-de-hacienda_servicio-de-impuestos-internos_x-direccion-regional-puerto-montt/2015-09-14/77315048992-exenta/es@2015-10-01"
642206,"REGULA EL ALZAMIENTO DE HIPOTECAS Y PRENDAS QUE CAUCIONEN CRÉDITOS","http://datos.bcn.cl/recurso/cl/ley/ministerio-de-economia_fomento-y-turismo/2015-09-25/20855"
